Shelf ID,Shelf Name,X Position,Y Position,Z Position,Item,Stock,Category,Value
A,Shelf A,-0.1510127484798431,2.203031539916992,0.0009288787841796,Apple iPhone 14,17,Smartphones,799.99
A,Shelf A,-0.1510127484798431,2.203031539916992,0.0009288787841796,Apple iPhone 14 Pro,12,Smartphones,999.99
A,Shelf A,-0.1510127484798431,2.203031539916992,0.0009288787841796,Apple iPhone 13,8,Smartphones,599.99
A,Shelf A,-0.1510127484798431,2.203031539916992,0.0009288787841796,iPhone Charging Cable,45,Accessories,19.99
A,Shelf A,-0.1510127484798431,2.203031539916992,0.0009288787841796,iPhone Screen Protector,32,Accessories,9.99

B,Shelf B,1.4299899339675903,2.1837167739868164,0.0004253387451171,Samsung Galaxy S23,196,Smartphones,749.99
B,Shelf B,1.4299899339675903,2.1837167739868164,0.0004253387451171,Samsung Galaxy S24,22,Smartphones,899.99
B,Shelf B,1.4299899339675903,2.1837167739868164,0.0004253387451171,Samsung Galaxy Tab S9,15,Tablets,699.99
B,Shelf B,1.4299899339675903,2.1837167739868164,0.0004253387451171,Samsung Wireless Earbuds,28,Audio,129.99
B,Shelf B,1.4299899339675903,2.1837167739868164,0.0004253387451171,Samsung Fast Charger,67,Accessories,29.99

C,Shelf C,3.2649524211883545,2.079946994781494,0.001251220703125,Sony WH-1000XM5,16,Headphones,399.99
C,Shelf C,3.2649524211883545,2.079946994781494,0.001251220703125,Sony WH-CH720N,24,Headphones,129.99
C,Shelf C,3.2649524211883545,2.079946994781494,0.001251220703125,Sony WF-1000XM5,18,Earbuds,299.99
C,Shelf C,3.2649524211883545,2.079946994781494,0.001251220703125,Sony Extra Bass Headphones,31,Headphones,79.99
C,Shelf C,3.2649524211883545,2.079946994781494,0.001251220703125,Sony Carrying Case,42,Accessories,19.99

D,Shelf D,4.830749988555908,2.308940887451172,-0.0002861022949218,Dell XPS 13,45,Laptops,1199.99
D,Shelf D,4.830749988555908,2.308940887451172,-0.0002861022949218,Dell XPS 15,8,Laptops,1799.99
D,Shelf D,4.830749988555908,2.308940887451172,-0.0002861022949218,Dell Inspiron 14,14,Laptops,699.99
D,Shelf D,4.830749988555908,2.308940887451172,-0.0002861022949218,Dell Laptop Charger,23,Accessories,89.99
D,Shelf D,4.830749988555908,2.308940887451172,-0.0002861022949218,Dell Laptop Bag,19,Accessories,49.99

E,Shelf E,6.865433692932129,2.0795698165893555,0.0003299713134765,Bose QuietComfort 45,11,Headphones,329.99
E,Shelf E,6.865433692932129,2.0795698165893555,0.0003299713134765,Bose QuietComfort Ultra,7,Headphones,429.99
E,Shelf E,6.865433692932129,2.0795698165893555,0.0003299713134765,Bose SoundLink Flex,25,Speakers,149.99
E,Shelf E,6.865433692932129,2.0795698165893555,0.0003299713134765,Bose Soundbar 600,9,Home Audio,399.99
E,Shelf E,6.865433692932129,2.0795698165893555,0.0003299713134765,Bose Replacement Ear Pads,36,Accessories,29.99

F,Shelf F,8.775923728942871,2.1591873168945312,0.0025634765625,Logitech MX Master 3,7,Computer Mouse,99.99
F,Shelf F,8.775923728942871,2.1591873168945312,0.0025634765625,Logitech MX Keys,14,Keyboards,99.99
F,Shelf F,8.775923728942871,2.1591873168945312,0.0025634765625,Logitech G Pro X Superlight,22,Gaming Mouse,149.99
F,Shelf F,8.775923728942871,2.1591873168945312,0.0025634765625,Logitech Webcam C920,31,Webcams,69.99
F,Shelf F,8.775923728942871,2.1591873168945312,0.0025634765625,Logitech Mouse Pad,58,Accessories,19.99

G,Shelf G,6.2133989334106445,3.981048488616944,0.0007686614990234,Sony PlayStation 5,99,Gaming Consoles,499.99
G,Shelf G,6.2133989334106445,3.981048488616944,0.0007686614990234,PlayStation DualSense Controller,45,Controllers,69.99
G,Shelf G,6.2133989334106445,3.981048488616944,0.0007686614990234,PlayStation VR2,12,Virtual Reality,549.99
G,Shelf G,6.2133989334106445,3.981048488616944,0.0007686614990234,PlayStation 5 Games Bundle,8,Software,59.99
G,Shelf G,6.2133989334106445,3.981048488616944,0.0007686614990234,PlayStation Charging Station,27,Accessories,29.99