latitude,longitude,elevation,utc_offset_seconds,timezone,timezone_abbreviation
52.52,13.419998,38.0,0,GMT,GMT

time,temperature_2m (°C)
2024-03-19T00:00,-0.6
2024-03-19T01:00,-0.9
2024-03-19T02:00,-1.0
2024-03-19T03:00,-1.5
2024-03-19T04:00,-1.7
2024-03-19T05:00,-1.9
2024-03-19T06:00,-1.9
2024-03-19T07:00,-1.3
2024-03-19T08:00,0.5
2024-03-19T09:00,2.6
2024-03-19T10:00,4.8
2024-03-19T11:00,6.3
2024-03-19T12:00,7.6
2024-03-19T13:00,8.4
2024-03-19T14:00,8.7
2024-03-19T15:00,8.8
2024-03-19T16:00,8.5
2024-03-19T17:00,7.9
2024-03-19T18:00,6.9
2024-03-19T19:00,6.0
2024-03-19T20:00,5.5
2024-03-19T21:00,5.1
2024-03-19T22:00,4.9
2024-03-19T23:00,4.4
2024-03-20T00:00,4.0
2024-03-20T01:00,4.0
2024-03-20T02:00,3.9
2024-03-20T03:00,3.7
2024-03-20T04:00,3.3
2024-03-20T05:00,3.1
2024-03-20T06:00,3.2
2024-03-20T07:00,4.1
2024-03-20T08:00,5.8
2024-03-20T09:00,7.8
2024-03-20T10:00,9.9
2024-03-20T11:00,11.7
2024-03-20T12:00,13.0
2024-03-20T13:00,14.3
2024-03-20T14:00,14.7
2024-03-20T15:00,15.0
2024-03-20T16:00,14.9
2024-03-20T17:00,14.1
2024-03-20T18:00,12.9
2024-03-20T19:00,11.9
2024-03-20T20:00,11.0
2024-03-20T21:00,10.5
2024-03-20T22:00,10.2
2024-03-20T23:00,9.7
2024-03-21T00:00,9.3
2024-03-21T01:00,8.9
2024-03-21T02:00,8.6
2024-03-21T03:00,8.6
2024-03-21T04:00,8.8
2024-03-21T05:00,8.9
2024-03-21T06:00,9.1
2024-03-21T07:00,9.9
2024-03-21T08:00,10.4
2024-03-21T09:00,10.7
2024-03-21T10:00,10.8
2024-03-21T11:00,12.3
2024-03-21T12:00,12.6
2024-03-21T13:00,13.6
2024-03-21T14:00,11.8
2024-03-21T15:00,9.8
2024-03-21T16:00,9.4
2024-03-21T17:00,9.2
2024-03-21T18:00,8.7
2024-03-21T19:00,8.0
2024-03-21T20:00,7.1
2024-03-21T21:00,6.4
2024-03-21T22:00,5.9
2024-03-21T23:00,5.7
2024-03-22T00:00,5.3
2024-03-22T01:00,5.2
2024-03-22T02:00,5.0
2024-03-22T03:00,4.8
2024-03-22T04:00,4.6
2024-03-22T05:00,4.4
2024-03-22T06:00,4.8
2024-03-22T07:00,5.9
2024-03-22T08:00,7.4
2024-03-22T09:00,8.9
2024-03-22T10:00,10.3
2024-03-22T11:00,11.6
2024-03-22T12:00,12.4
2024-03-22T13:00,12.6
2024-03-22T14:00,12.4
2024-03-22T15:00,12.0
2024-03-22T16:00,11.4
2024-03-22T17:00,10.7
2024-03-22T18:00,10.1
2024-03-22T19:00,9.7
2024-03-22T20:00,9.4
2024-03-22T21:00,9.2
2024-03-22T22:00,8.9
2024-03-22T23:00,8.5
2024-03-23T00:00,8.2
2024-03-23T01:00,7.8
2024-03-23T02:00,7.3
2024-03-23T03:00,6.9
2024-03-23T04:00,6.6
2024-03-23T05:00,6.3
2024-03-23T06:00,6.2
2024-03-23T07:00,6.2
2024-03-23T08:00,6.5
2024-03-23T09:00,6.8
2024-03-23T10:00,7.5
2024-03-23T11:00,8.3
2024-03-23T12:00,8.9
2024-03-23T13:00,9.2
2024-03-23T14:00,9.4
2024-03-23T15:00,9.3
2024-03-23T16:00,8.9
2024-03-23T17:00,8.2
2024-03-23T18:00,7.5
2024-03-23T19:00,6.8
2024-03-23T20:00,6.0
2024-03-23T21:00,5.3
2024-03-23T22:00,4.7
2024-03-23T23:00,4.1
2024-03-24T00:00,3.8
2024-03-24T01:00,3.3
2024-03-24T02:00,2.8
2024-03-24T03:00,2.4
2024-03-24T04:00,2.1
2024-03-24T05:00,1.8
2024-03-24T06:00,2.1
2024-03-24T07:00,3.3
2024-03-24T08:00,5.0
2024-03-24T09:00,6.4
2024-03-24T10:00,6.9
2024-03-24T11:00,7.1
2024-03-24T12:00,7.3
2024-03-24T13:00,7.9
2024-03-24T14:00,8.6
2024-03-24T15:00,8.9
2024-03-24T16:00,8.6
2024-03-24T17:00,7.9
2024-03-24T18:00,7.1
2024-03-24T19:00,6.4
2024-03-24T20:00,5.6
2024-03-24T21:00,5.0
2024-03-24T22:00,4.7
2024-03-24T23:00,4.6
2024-03-25T00:00,4.6
2024-03-25T01:00,4.4
2024-03-25T02:00,4.3
2024-03-25T03:00,4.2
2024-03-25T04:00,4.2
2024-03-25T05:00,4.1
2024-03-25T06:00,4.3
2024-03-25T07:00,4.9
2024-03-25T08:00,5.7
2024-03-25T09:00,6.4
2024-03-25T10:00,6.9
2024-03-25T11:00,7.3
2024-03-25T12:00,7.5
2024-03-25T13:00,7.7
2024-03-25T14:00,7.7
2024-03-25T15:00,7.4
2024-03-25T16:00,6.8
2024-03-25T17:00,6.0
2024-03-25T18:00,5.1
2024-03-25T19:00,4.1
2024-03-25T20:00,3.1
2024-03-25T21:00,2.1
2024-03-25T22:00,1.4
2024-03-25T23:00,0.9
